{"lr": 0.005, "layer1": 3, "layer2": 2, "layer3": 1, "h1": 24, "dp0_0": 0.6000000000000001, "dp0_1": 0.7000000000000001, "dp1": 0.4, "dp2": 0.0, "dp3": 0.4, "ln0": false, "ln1": true, "ln2": true, "ln3": false, "ln4": true, "a0": false, "a1": false, "a2": true, "a3": false, "a4": false}