{"lr": 0.01, "l1": 3, "l2": 3, "h1": 24, "h2": 24, "dpl0": 0.30000000000000004, "dpl1": 0.30000000000000004, "dpe": 0.1, "dp10": 0.2, "dp11": 0.1, "dp2": 0.0, "a1": false, "a2": true}