{"lr": 0.01, "layer1": 2, "layer2": 2, "layer3": 3, "h1": 20, "dp0_0": 0.30000000000000004, "dp0_1": 0.30000000000000004, "dp1": 0.2, "dp2": 0.0, "dp3": 0.1, "ln0": false, "ln1": true, "ln2": true, "ln3": false, "ln4": true, "a0": true, "a1": false, "a2": false, "a3": false, "a4": false}