{"lr": 0.05, "l1": 2, "l2": 1, "h1": 32, "h2": 24, "dpl0": 0.2, "dpl1": 0.30000000000000004, "dpe": 0.4, "dp10": 0.30000000000000004, "dp11": 0.1, "dp2": 0.30000000000000004, "a1": true, "a2": false}