{"lr": 0.005, "l1": 1, "l2": 3, "h1": 64, "h2": 24, "dpl0": 0.2, "dpl1": 0.30000000000000004, "dpe": 0.4, "dp10": 0.1, "dp11": 0.30000000000000004, "dp2": 0.2, "a1": false, "a2": false}